PaperID,Title,Citations,Year,Paper url,Google Scholar profile name,Publication date,Journal,Source,Conference,Authors,Primary author,Supporting authors
33461872,Wind-driven optimization technique for estimation of solar photovoltaic parameters,75,2017,https://scholar.google.com/citations?view_op=view_citation&hl=en&user=FvXKYFQAAAAJ&citation_for_view=FvXKYFQAAAAJ:roLk4NBRz8UC,Richard Binns,2017/12/7,IEEE Journal of Photovoltaics,,,"['Derick Mathew', 'Chinnappa Rani', 'Muthu Rajesh Kumar', 'Yue Wang', 'Richard Binns', 'Krishna Busawon']",Derick Mathew,"['Chinnappa Rani', 'Muthu Rajesh Kumar', 'Yue Wang', 'Richard Binns', 'Krishna Busawon']"
24993085,Robust neural network fault estimation approach for nonlinear dynamic systems with applications to wind turbine systems,71,2019,https://scholar.google.com/citations?view_op=view_citation&hl=en&user=FvXKYFQAAAAJ&citation_for_view=FvXKYFQAAAAJ:IWHjjKOFINEC,Richard Binns,2019/1/17,IEEE Transactions on Industrial Informatics,,,"['Reihane Rahimilarki', 'Zhiwei Gao', 'Aihua Zhang', 'Richard Binns']",Reihane Rahimilarki,"['Zhiwei Gao', 'Aihua Zhang', 'Richard Binns']"
84642498,Indoor visible light communication localization system utilizing received signal strength indication technique and trilateration method,40,2018,https://scholar.google.com/citations?view_op=view_citation&hl=en&user=FvXKYFQAAAAJ&citation_for_view=FvXKYFQAAAAJ:_kc_bZDykSQC,Richard Binns,2018/1/1,Optical Engineering,,,"['Farag IK Mousa', 'Noor Almaadeed', 'Krishna Busawon', 'Ahmed Bouridane', 'Richard Binns', 'Ian Elliot']",Farag IK Mousa,"['Noor Almaadeed', 'Krishna Busawon', 'Ahmed Bouridane', 'Richard Binns', 'Ian Elliot']"
60436808,Ultrasensitive biosensor based on magnetic microspheres enhanced microfiber interferometer,28,2019,https://scholar.google.com/citations?view_op=view_citation&hl=en&user=FvXKYFQAAAAJ&citation_for_view=FvXKYFQAAAAJ:j3f4tGmQtD8C,Richard Binns,2019/12/1,Biosensors and Bioelectronics,,,"['Rahul Kumar', 'Yuankui Leng', 'Bin Liu', 'Jun Zhou', 'Liyang Shao', 'Jinhui Yuan', 'Xinyu Fan', 'Shengpeng Wan', 'Tao Wu', 'Juan Liu', 'Richard Binns', 'Yong Qing Fu', 'Wai Pang Ng', 'Gerald Farrell', 'Yuliya Semenova', 'Hengyi Xu', 'Yonghua Xiong', 'Xingdao He', 'Qiang Wu']",Rahul Kumar,"['Yuankui Leng', 'Bin Liu', 'Jun Zhou', 'Liyang Shao', 'Jinhui Yuan', 'Xinyu Fan', 'Shengpeng Wan', 'Tao Wu', 'Juan Liu', 'Richard Binns', 'Yong Qing Fu', 'Wai Pang Ng', 'Gerald Farrell', 'Yuliya Semenova', 'Hengyi Xu', 'Yonghua Xiong', 'Xingdao He', 'Qiang Wu']"
95657531,A rapid and controllable acoustothermal microheater using thin film surface acoustic waves,26,2021,https://scholar.google.com/citations?view_op=view_citation&hl=en&user=FvXKYFQAAAAJ&citation_for_view=FvXKYFQAAAAJ:NMxIlDl6LWMC,Richard Binns,2021/2/1,Sensors and Actuators A: Physical,,,"['Yong Wang', 'Qian Zhang', 'Ran Tao', 'Dongyang Chen', 'Jin Xie', 'Hamdi Torun', 'Linzi E Dodd', 'Jingting Luo', 'Chen Fu', 'Jethro Vernon', 'Pep Canyelles-Pericas', 'Richard Binns', 'Yongqing Fu']",Yong Wang,"['Qian Zhang', 'Ran Tao', 'Dongyang Chen', 'Jin Xie', 'Hamdi Torun', 'Linzi E Dodd', 'Jingting Luo', 'Chen Fu', 'Jethro Vernon', 'Pep Canyelles-Pericas', 'Richard Binns', 'Yongqing Fu']"
12534540,Smart grids: energising the future,26,2013,https://scholar.google.com/citations?view_op=view_citation&hl=en&user=FvXKYFQAAAAJ&citation_for_view=FvXKYFQAAAAJ:u5HHmVD_uO8C,Richard Binns,2013/10/1,,International Journal of Environmental Studies,,"['GA Putrus', 'Edward Bentley', 'Richard Binns', 'Tianxiang Jiang', 'David Johnston']",GA Putrus,"['Edward Bentley', 'Richard Binns', 'Tianxiang Jiang', 'David Johnston']"
22683170,Secure MIMO visible light communication system based on user's location and encryption,24,2017,https://scholar.google.com/citations?view_op=view_citation&hl=en&user=FvXKYFQAAAAJ&citation_for_view=FvXKYFQAAAAJ:UeHWp8X0CEIC,Richard Binns,2017/10/9,Journal of Lightwave Technology,,,"['Farag Ibrahim Khalifa Mousa', 'Noor Al Maadeed', 'Krishna Busawon', 'Ahmed Bouridane', 'Richard Binns']",Farag Ibrahim Khalifa Mousa,"['Noor Al Maadeed', 'Krishna Busawon', 'Ahmed Bouridane', 'Richard Binns']"
72422579,Flows consumption assessment study for fuel cell vehicles: towards a popularization of FCVs technology,24,2017,https://scholar.google.com/citations?view_op=view_citation&hl=en&user=FvXKYFQAAAAJ&citation_for_view=FvXKYFQAAAAJ:WF5omc3nYNoC,Richard Binns,2017/4/27,international journal of hydrogen energy,,,"['Belkallouche Abderezzak', 'Krishna Busawon', 'Richard Binns']",Belkallouche Abderezzak,"['Krishna Busawon', 'Richard Binns']"
47914194,Cascaded Sagnac loops embedded with two polarization maintaining photonic crystal fibers for highly sensitive strain measurement,22,2021,https://scholar.google.com/citations?view_op=view_citation&hl=en&user=FvXKYFQAAAAJ&citation_for_view=FvXKYFQAAAAJ:YFjsv_pBGBYC,Richard Binns,2021/1/11,IEEE Transactions on Instrumentation and Measurement,,,"['Qiang Liu', 'Liang Xing', 'Zhaoxia Wu', 'Yongqing Fu', 'Shuguang Li', 'Pingsheng Xue', 'Wai Pang Ng', 'Qiang Wu', 'Richard Binns']",Qiang Liu,"['Liang Xing', 'Zhaoxia Wu', 'Yongqing Fu', 'Shuguang Li', 'Pingsheng Xue', 'Wai Pang Ng', 'Qiang Wu', 'Richard Binns']"
56257963,Flexible and integrated sensing platform of acoustic waves and metamaterials based on polyimide-coated woven carbon fibers,18,2020,https://scholar.google.com/citations?view_op=view_citation&hl=en&user=FvXKYFQAAAAJ&citation_for_view=FvXKYFQAAAAJ:maZDTaKrznsC,Richard Binns,2020/7/20,ACS sensors,,,"['Ran Tao', 'Shahrzad Zahertar', 'Hamdi Torun', 'Yi Ru Liu', 'Meng Wang', 'Yuchao Lu', 'Jing Ting Luo', 'Jethro Vernon', 'Richard Binns', 'Yang He', 'Kai Tao', 'Qiang Wu', 'Hong Long Chang', 'Yong Qing Fu']",Ran Tao,"['Shahrzad Zahertar', 'Hamdi Torun', 'Yi Ru Liu', 'Meng Wang', 'Yuchao Lu', 'Jing Ting Luo', 'Jethro Vernon', 'Richard Binns', 'Yang He', 'Kai Tao', 'Qiang Wu', 'Hong Long Chang', 'Yong Qing Fu']"
97980838,A simple all-fiber comb filter based on the combined effect of multimode interference and Mach-Zehnder interferometer,16,2018,https://scholar.google.com/citations?view_op=view_citation&hl=en&user=FvXKYFQAAAAJ&citation_for_view=FvXKYFQAAAAJ:YOwf2qJgpHMC,Richard Binns,2018/8/7,Scientific Reports,,,"['Guorui Zhou', 'Rahul Kumar', 'Qiang Wu', 'Wai Pang Ng', 'Richard Binns', 'Nageswara Lalam', 'Xinxiang Miao', 'Longfei Niu', 'Xiaodong Yuan', 'Yuliya Semenova', 'Gerald Farrell', 'Jinhui Yuan', 'Chongxiu Yu', 'Xinzhu Sang', 'Xiangjun Xin', 'Bo Liu', 'Haibing Lv', 'Yong Qing Fu']",Guorui Zhou,"['Rahul Kumar', 'Qiang Wu', 'Wai Pang Ng', 'Richard Binns', 'Nageswara Lalam', 'Xinxiang Miao', 'Longfei Niu', 'Xiaodong Yuan', 'Yuliya Semenova', 'Gerald Farrell', 'Jinhui Yuan', 'Chongxiu Yu', 'Xinzhu Sang', 'Xiangjun Xin', 'Bo Liu', 'Haibing Lv', 'Yong Qing Fu']"
6704850,Estimation of solar photovoltaic parameters using pattern search algorithm,15,2017,https://scholar.google.com/citations?view_op=view_citation&hl=en&user=FvXKYFQAAAAJ&citation_for_view=FvXKYFQAAAAJ:YsMSGLbcyi4C,Richard Binns,2017/1/1,,,"Emerging Trends in Electrical, Electronic and Communications Engineering: Proceedings of the First International Conference on Electrical, Electronic and Communications Engineering (ELECOM 2016), Bagatelle, Mauritius, November 25-27, 2016","['Mathew Derick', 'C Rani', 'M Rajesh', 'Krishna Busawon', 'Richard Binns']",Mathew Derick,"['C Rani', 'M Rajesh', 'Krishna Busawon', 'Richard Binns']"
23062989,Testing linear macros in mixed-signal systems using transient response testing and dynamic supply current monitoring,15,1994,https://scholar.google.com/citations?view_op=view_citation&hl=en&user=FvXKYFQAAAAJ&citation_for_view=FvXKYFQAAAAJ:Zph67rFs4hoC,Richard Binns,1994/7/21,Electronics Letters,,,"['RJ Binns', 'D Taylor', 'TI Pritchard']",RJ Binns,"['D Taylor', 'TI Pritchard']"
59316859,Nonlinear optimal control for autonomous navigation of a truck and trailer system,13,2017,https://scholar.google.com/citations?view_op=view_citation&hl=en&user=FvXKYFQAAAAJ&citation_for_view=FvXKYFQAAAAJ:aqlVkmm33-oC,Richard Binns,2017/7/10,,,2017 18th International Conference on Advanced Robotics (ICAR),"['Gerasimos Rigatos', 'Pierluigi Siano', 'Patrice Wira', 'Krishna Busawon', 'Richard Binns']",Gerasimos Rigatos,"['Pierluigi Siano', 'Patrice Wira', 'Krishna Busawon', 'Richard Binns']"
82304158,Technical feasibility assessment of a PEM fuel cell refrigerator system,12,2020,https://scholar.google.com/citations?view_op=view_citation&hl=en&user=FvXKYFQAAAAJ&citation_for_view=FvXKYFQAAAAJ:eQOLeE2rZwMC,Richard Binns,2020/4/3,international journal of hydrogen energy,,,"['Belkallouche Abderezzak', 'Djamila Rekioua', 'Richard Binns', 'Krishna Busawon', 'Melika Hinaje', 'Bruno Douine', 'Damien Guilbert']",Belkallouche Abderezzak,"['Djamila Rekioua', 'Richard Binns', 'Krishna Busawon', 'Melika Hinaje', 'Bruno Douine', 'Damien Guilbert']"
12114761,A nonlinear H-infinity control approach for autonomous truck and trailer systems,12,2020,https://scholar.google.com/citations?view_op=view_citation&hl=en&user=FvXKYFQAAAAJ&citation_for_view=FvXKYFQAAAAJ:r0BpntZqJG4C,Richard Binns,2020/1/17,Unmanned Systems,,,"['Gerasimos Rigatos', 'Pierluigi Siano', 'Patrice Wira', 'Krishna Busawon', 'Richard Binns']",Gerasimos Rigatos,"['Pierluigi Siano', 'Patrice Wira', 'Krishna Busawon', 'Richard Binns']"
79704566,Synchronization of pulse-coupled oscillators for IEEE 802.15. 4 multi-hop wireless sensor networks,12,2018,https://scholar.google.com/citations?view_op=view_citation&hl=en&user=FvXKYFQAAAAJ&citation_for_view=FvXKYFQAAAAJ:e5wmG9Sq2KIC,Richard Binns,2018/12/9,,,2018 IEEE Global Communications Conference (GLOBECOM),"['Yan Zong', 'Xuewu Dai', 'Zhiwei Gao', 'Krishna Busawon', 'Richard Binns', 'Ian Elliott']",Yan Zong,"['Xuewu Dai', 'Zhiwei Gao', 'Krishna Busawon', 'Richard Binns', 'Ian Elliott']"
83545050,Flexible ZnO thin film acoustic wave device for gas flow rate measurement,11,2020,https://scholar.google.com/citations?view_op=view_citation&hl=en&user=FvXKYFQAAAAJ&citation_for_view=FvXKYFQAAAAJ:k_IJM867U9cC,Richard Binns,2020/7/2,Journal of Micromechanics and Microengineering,,,"['Qian Zhang', 'Yong Wang', 'Ran Tao', 'Hamdi Torun', 'Jin Xie', 'Yifan Li', 'Chen Fu', 'Jingting Luo', 'Qiang Wu', 'Wai Pang Ng', 'Richard Binns', 'Yong Qing Fu']",Qian Zhang,"['Yong Wang', 'Ran Tao', 'Hamdi Torun', 'Jin Xie', 'Yifan Li', 'Chen Fu', 'Jingting Luo', 'Qiang Wu', 'Wai Pang Ng', 'Richard Binns', 'Yong Qing Fu']"
57235168,Simulation and evaluation of pulse-coupled oscillators in wireless sensor networks,10,2018,https://scholar.google.com/citations?view_op=view_citation&hl=en&user=FvXKYFQAAAAJ&citation_for_view=FvXKYFQAAAAJ:Se3iqnhoufwC,Richard Binns,2018/1/1,Systems Science & Control Engineering,,,"['Yan Zong', 'Xuewu Dai', 'Zhiwei Gao', 'Richard Binns', 'Krishna Busawon']",Yan Zong,"['Xuewu Dai', 'Zhiwei Gao', 'Richard Binns', 'Krishna Busawon']"
80437379,Electrically sensing characteristics of the sagnac interferometer embedded with a liquid crystal-infiltrated photonic crystal fiber,9,2021,https://scholar.google.com/citations?view_op=view_citation&hl=en&user=FvXKYFQAAAAJ&citation_for_view=FvXKYFQAAAAJ:RGFaLdJalmkC,Richard Binns,2021/7/15,IEEE Transactions on Instrumentation and Measurement,,,"['Qiang Liu', 'Pingsheng Xue', 'Qiang Wu', 'Chenyu Zhao', 'Wai Pang Ng', 'Yongqing Fu', 'Richard Binns']",Qiang Liu,"['Pingsheng Xue', 'Qiang Wu', 'Chenyu Zhao', 'Wai Pang Ng', 'Yongqing Fu', 'Richard Binns']"
34118565,A survey on smart traffic network control and optimization,8,2016,https://scholar.google.com/citations?view_op=view_citation&hl=en&user=FvXKYFQAAAAJ&cstart=20&pagesize=80&citation_for_view=FvXKYFQAAAAJ:4TOpqqG69KYC,Richard Binns,2016/9/14,,,2016 International Conference Multidisciplinary Engineering Design Optimization (MEDO),"['Walid Merrad', 'Abderrezak Rachedi', 'Krishna Busawon', 'Richard Binns']",Walid Merrad,"['Abderrezak Rachedi', 'Krishna Busawon', 'Richard Binns']"
35911259,High-level design of analogue circuitry using an analogue hardware description language,8,1997,https://scholar.google.com/citations?view_op=view_citation&hl=en&user=FvXKYFQAAAAJ&cstart=20&pagesize=80&citation_for_view=FvXKYFQAAAAJ:2osOgNQ5qMEC,Richard Binns,1997/1/1,,,,"['RJ Binns', 'Philip Hallam', 'B Mack', 'Rob Massara']",RJ Binns,"['Philip Hallam', 'B Mack', 'Rob Massara']"
21168708,Experimental characterization of RGB LED transceiver in low-complexity LED-to-LED link,7,2020,https://scholar.google.com/citations?view_op=view_citation&hl=en&user=FvXKYFQAAAAJ&cstart=20&pagesize=80&citation_for_view=FvXKYFQAAAAJ:JV2RwH3_ST0C,Richard Binns,2020/10/10,Sensors,,,"['Mariam Galal', 'Wai Pang Ng', 'Richard Binns', 'Ahmed Abd El Aziz']",Mariam Galal,"['Wai Pang Ng', 'Richard Binns', 'Ahmed Abd El Aziz']"
25881451,Electrically tuning characteristics of LC selectively infiltrated PCF Sagnac interferometer,6,2021,https://scholar.google.com/citations?view_op=view_citation&hl=en&user=FvXKYFQAAAAJ&cstart=20&pagesize=80&citation_for_view=FvXKYFQAAAAJ:GnPB-g6toBAC,Richard Binns,2021/6/4,IEEE Photonics Technology Letters,,,"['Pingsheng Xue', 'Qiang Liu', 'Zhaoxia Wu', 'Qiang Wu', 'Chenyu Zhao', 'Wai Pang Ng', 'Richard Fu', 'Richard Binns']",Pingsheng Xue,"['Qiang Liu', 'Zhaoxia Wu', 'Qiang Wu', 'Chenyu Zhao', 'Wai Pang Ng', 'Richard Fu', 'Richard Binns']"
25831377,Modelling and synchronisation of delayed packet-coupled oscillators in industrial wireless sensor networks,6,2020,https://scholar.google.com/citations?view_op=view_citation&hl=en&user=FvXKYFQAAAAJ&cstart=20&pagesize=80&citation_for_view=FvXKYFQAAAAJ:isC4tDSrTZIC,Richard Binns,2020/1/1,IFAC-papersonline,,,"['Yan Zong', 'Xuewu Dai', 'Pep Canyelles-Pericas', 'Krishna Busawon', 'Richard Binns', 'Zhiwei Gao']",Yan Zong,"['Xuewu Dai', 'Pep Canyelles-Pericas', 'Krishna Busawon', 'Richard Binns', 'Zhiwei Gao']"
56054902,Quantifying the Pumping Energy Loss Associated with Different Types of Leak in a Piping System,6,2017,https://scholar.google.com/citations?view_op=view_citation&hl=en&user=FvXKYFQAAAAJ&cstart=20&pagesize=80&citation_for_view=FvXKYFQAAAAJ:dhFuZR0502QC,Richard Binns,2017/1/1,,,"Emerging Trends in Electrical, Electronic and Communications Engineering: Proceedings of the First International Conference on Electrical, Electronic and Communications Engineering (ELECOM 2016), Bagatelle, Mauritius, November 25-27, 2016","['L Latchoomun', 'Deoduth Mawooa', 'Robert TF Ah King', 'Krishna Busawon', 'Richard Binns']",L Latchoomun,"['Deoduth Mawooa', 'Robert TF Ah King', 'Krishna Busawon', 'Richard Binns']"
4074838,Observer-based control for biomass regulation in wastewater treatment plants,6,2015,https://scholar.google.com/citations?view_op=view_citation&hl=en&user=FvXKYFQAAAAJ&cstart=20&pagesize=80&citation_for_view=FvXKYFQAAAAJ:4DMP91E08xMC,Richard Binns,2015/12/4,,,"2015 International Conference on Computing, Communication and Security (ICCCS)","['R Ramjug-Ballgobin', 'HCS Rugooputh', 'K Busawon', 'R Binns']",R Ramjug-Ballgobin,"['HCS Rugooputh', 'K Busawon', 'R Binns']"
60428662,Optical fibre sensors for monitoring phase transitions in phase changing materials,5,2018,https://scholar.google.com/citations?view_op=view_citation&hl=en&user=FvXKYFQAAAAJ&cstart=20&pagesize=80&citation_for_view=FvXKYFQAAAAJ:9yKSN-GCB0IC,Richard Binns,2018/9/14,Smart Materials and Structures,,,"['Rahul Kumar', 'Wei Han', 'Dejun Liu', 'Wai Pang Ng', 'Richard Binns', 'Krishna Busawon', 'Yong Qing Fu', 'Zabih Ghassemlooy', 'Christopher Underwood', 'Khamid Mahkamov', 'Jinhui Yuan', 'Chongxiu Yu', 'Huazhong Shu', 'Xing Ao Li', 'Tuan Guo', 'Gerald Farrell', 'Yuliya Semenova', 'Qiang Wu']",Rahul Kumar,"['Wei Han', 'Dejun Liu', 'Wai Pang Ng', 'Richard Binns', 'Krishna Busawon', 'Yong Qing Fu', 'Zabih Ghassemlooy', 'Christopher Underwood', 'Khamid Mahkamov', 'Jinhui Yuan', 'Chongxiu Yu', 'Huazhong Shu', 'Xing Ao Li', 'Tuan Guo', 'Gerald Farrell', 'Yuliya Semenova', 'Qiang Wu']"
89779699,Characterisation and Interference Model of Contemporary Artificial Light Sources Noise on a VLC channel,5,2018,https://scholar.google.com/citations?view_op=view_citation&hl=en&user=FvXKYFQAAAAJ&cstart=20&pagesize=80&citation_for_view=FvXKYFQAAAAJ:Y0pCki6q_DkC,Richard Binns,2018/7/18,,,"2018 11th International Symposium on Communication Systems, Networks & Digital Signal Processing (CSNDSP)","['Mariam Galal', 'Wai Pang Ng', 'Ahmed Abd El Aziz', 'Richard Binns']",Mariam Galal,"['Wai Pang Ng', 'Ahmed Abd El Aziz', 'Richard Binns']"
79081906,DC biased input stage with differential photocurrent sensing for VLC front-ends,5,2017,https://scholar.google.com/citations?view_op=view_citation&hl=en&user=FvXKYFQAAAAJ&cstart=20&pagesize=80&citation_for_view=FvXKYFQAAAAJ:KlAtU1dfN6UC,Richard Binns,2017/7/14,,,"2017 International Conference on Circuits, System and Simulation (ICCSS)","['Majed Basha', 'Richard Binns']",Majed Basha,['Richard Binns']
54607690,Acousto-Pi: An Opto-Acoustofluidic System Using Surface Acoustic Waves Controlled With Open-Source Electronics for Integrated In-Field Diagnostics,4,2021,https://scholar.google.com/citations?view_op=view_citation&hl=en&user=FvXKYFQAAAAJ&cstart=20&pagesize=80&citation_for_view=FvXKYFQAAAAJ:J_g5lzvAfSwC,Richard Binns,2021/9/15,"IEEE Transactions on Ultrasonics, Ferroelectrics, and Frequency Control",,,"['Jethro Vernon', 'Pep Canyelles-Pericas', 'Hamdi Torun', 'Xuewu Dai', 'Wai Pang Ng', 'Richard Binns', 'Krishna Busawon', 'Yong-Qing Fu']",Jethro Vernon,"['Pep Canyelles-Pericas', 'Hamdi Torun', 'Xuewu Dai', 'Wai Pang Ng', 'Richard Binns', 'Krishna Busawon', 'Yong-Qing Fu']"
12295683,Sensorless variable speed operation of doubly‐fed reluctance wind generators,4,2020,https://scholar.google.com/citations?view_op=view_citation&hl=en&user=FvXKYFQAAAAJ&cstart=20&pagesize=80&citation_for_view=FvXKYFQAAAAJ:bEWYMUwI8FkC,Richard Binns,2020/11/1,IET Renewable Power Generation,,,"['Milutin Jovanović', 'Sul Ademi', 'Richard Binns']",Milutin Jovanović,"['Sul Ademi', 'Richard Binns']"
50186692,Characterization of RGB LEDs as Emitter and Photodetector for LED-to-LED Communication,4,2020,https://scholar.google.com/citations?view_op=view_citation&hl=en&user=FvXKYFQAAAAJ&cstart=20&pagesize=80&citation_for_view=FvXKYFQAAAAJ:hMod-77fHWUC,Richard Binns,2020/7/20,,,"2020 12th International Symposium on Communication Systems, Networks and Digital Signal Processing (CSNDSP)","['Mariam Galal', 'Wai Pang Ng', 'Richard Binns', 'Ahmed Abd El Aziz']",Mariam Galal,"['Wai Pang Ng', 'Richard Binns', 'Ahmed Abd El Aziz']"
8692365,Data-driven sensor fault estimation for the wind turbine systems,4,2020,https://scholar.google.com/citations?view_op=view_citation&hl=en&user=FvXKYFQAAAAJ&cstart=20&pagesize=80&citation_for_view=FvXKYFQAAAAJ:M3NEmzRMIkIC,Richard Binns,2020/6/17,,,2020 IEEE 29th International Symposium on Industrial Electronics (ISIE),"['Reihane Rahimilarki', 'Zhiwei Gao', 'Nanlin Jin', 'Richard Binns', 'Aihua Zhang']",Reihane Rahimilarki,"['Zhiwei Gao', 'Nanlin Jin', 'Richard Binns', 'Aihua Zhang']"
23494696,Chaos synchronization in visible light communications with variable delays induced by multipath fading,4,2018,https://scholar.google.com/citations?view_op=view_citation&hl=en&user=FvXKYFQAAAAJ&cstart=20&pagesize=80&citation_for_view=FvXKYFQAAAAJ:L8Ckcad2t8MC,Richard Binns,2018/11/9,Applied System Innovation,,,"['Pep Canyelles-Pericas', 'Paul Anthony Haigh', 'Zabih Ghassemlooy', 'Andrew Burton', 'Xuewu Dai', 'Tran The Son', 'Hoa Le-Minh', 'Richard Binns', 'Krishna Busawon']",Pep Canyelles-Pericas,"['Paul Anthony Haigh', 'Zabih Ghassemlooy', 'Andrew Burton', 'Xuewu Dai', 'Tran The Son', 'Hoa Le-Minh', 'Richard Binns', 'Krishna Busawon']"
68702954,A brief survey and some discussions on chaos-based communication schemes,4,2018,https://scholar.google.com/citations?view_op=view_citation&hl=en&user=FvXKYFQAAAAJ&cstart=20&pagesize=80&citation_for_view=FvXKYFQAAAAJ:0EnyYjriUFMC,Richard Binns,2018/7/18,,"2018 11th International Symposium on Communication Systems, Networks & Digital Signal Processing (CSNDSP)",,"['Krishna Busawon', 'Pep Canyelles-Pericas', 'Richard Binns', 'I Elliot', 'Zabih Ghassemlooy']",Krishna Busawon,"['Pep Canyelles-Pericas', 'Richard Binns', 'I Elliot', 'Zabih Ghassemlooy']"
37418519,Wireless EEG signal transmission using visible light optical camera communication,4,2018,https://scholar.google.com/citations?view_op=view_citation&hl=en&user=FvXKYFQAAAAJ&cstart=20&pagesize=80&citation_for_view=FvXKYFQAAAAJ:MXK_kJrjxJIC,Richard Binns,2018/1/1,,,"Applications of Computing and Communication Technologies: First International Conference, ICACCT 2018, Delhi, India, March 9, 2018, Revised Selected Papers 1","['Geetika Aggarwal', 'Xuewu Dai', 'Richard Binns', 'Reza Saatchi', 'Krishna Busawon', 'Edward Bentley']",Geetika Aggarwal,"['Xuewu Dai', 'Richard Binns', 'Reza Saatchi', 'Krishna Busawon', 'Edward Bentley']"
12256289,Decomposing chaos into a harmonic oscillator with nonlinear feedback using pole placement methods,4,2017,https://scholar.google.com/citations?view_op=view_citation&hl=en&user=FvXKYFQAAAAJ&cstart=20&pagesize=80&citation_for_view=FvXKYFQAAAAJ:8k81kl-MbHgC,Richard Binns,2017/12/12,,,2017 IEEE 56th Annual Conference on Decision and Control (CDC),"['Pep Canyelles-Pericas', 'Xuewu Dai', 'Richard Binns', 'Krishna Busawon']",Pep Canyelles-Pericas,"['Xuewu Dai', 'Richard Binns', 'Krishna Busawon']"
49609670,Synchronisation of Packet Coupled Low-Accuracy RC Oscillator Clocks for Wireless Networks,3,2022,https://scholar.google.com/citations?view_op=view_citation&hl=en&user=FvXKYFQAAAAJ&cstart=20&pagesize=80&citation_for_view=FvXKYFQAAAAJ:M05iB0D1s5AC,Richard Binns,2022/12/20,IEEE Transactions on Wireless Communications,,,"['Yan Zong', 'Xuewu Dai', 'Pep Canyelles-Pericas', 'Zhiwei Gao', 'Wai Pang Ng', 'Krishna Busawon', 'Richard Binns']",Yan Zong,"['Xuewu Dai', 'Pep Canyelles-Pericas', 'Zhiwei Gao', 'Wai Pang Ng', 'Krishna Busawon', 'Richard Binns']"
7062458,Flexible multifunctional platform based on piezoelectric acoustics for human–machine interaction and environmental perception,3,2022,https://scholar.google.com/citations?view_op=view_citation&hl=en&user=FvXKYFQAAAAJ&cstart=20&pagesize=80&citation_for_view=FvXKYFQAAAAJ:vV6vV6tmYwMC,Richard Binns,2022/9/14,Microsystems & Nanoengineering,,,"['Qian Zhang', 'Yong Wang', 'Dongsheng Li', 'Jin Xie', 'Ran Tao', 'Jingting Luo', 'Xuewu Dai', 'Hamdi Torun', 'Qiang Wu', 'Wai Pang Ng', 'Richard Binns', 'YongQing Fu']",Qian Zhang,"['Yong Wang', 'Dongsheng Li', 'Jin Xie', 'Ran Tao', 'Jingting Luo', 'Xuewu Dai', 'Hamdi Torun', 'Qiang Wu', 'Wai Pang Ng', 'Richard Binns', 'YongQing Fu']"
25988074,Real-time wireless healthcare system for angular transmission of EEG signal using VL-OCC,3,2019,https://scholar.google.com/citations?view_op=view_citation&hl=en&user=FvXKYFQAAAAJ&cstart=20&pagesize=80&citation_for_view=FvXKYFQAAAAJ:RHpTSmoSYBkC,Richard Binns,2019/1/1,Procedia Computer Science,,,"['Geetika Aggarwal', 'Xuewu Dai', 'Richard Binns', 'Reza Saatchi']",Geetika Aggarwal,"['Xuewu Dai', 'Richard Binns', 'Reza Saatchi']"
78105439,Instantaneous Faults Detection in Power System,3,2018,https://scholar.google.com/citations?view_op=view_citation&hl=en&user=FvXKYFQAAAAJ&cstart=20&pagesize=80&citation_for_view=FvXKYFQAAAAJ:mB3voiENLucC,Richard Binns,2018/12/18,,,2018 Twentieth International Middle East Power Systems Conference (MEPCON),"['Richard Binns', 'Salwa Juma Al-Mamari', 'Mehdi Salehifar']",Richard Binns,"['Salwa Juma Al-Mamari', 'Mehdi Salehifar']"
40309477,Application of an infinite gain multiple feedback filter in VLC link range extension,3,2018,https://scholar.google.com/citations?view_op=view_citation&hl=en&user=FvXKYFQAAAAJ&cstart=20&pagesize=80&citation_for_view=FvXKYFQAAAAJ:qxL8FJ1GzNcC,Richard Binns,2018/7/14,,,"2018 IEEE 2nd International Conference on Circuits, System and Simulation (ICCSS)","['Aliyu Makama', 'Richard Binns', 'Majed Basha']",Aliyu Makama,"['Richard Binns', 'Majed Basha']"
92424905,The role of designer knowledge for circuit-level optimization within an analogue synthesis system,3,2000,https://scholar.google.com/citations?view_op=view_citation&hl=en&user=FvXKYFQAAAAJ&cstart=20&pagesize=80&citation_for_view=FvXKYFQAAAAJ:HDshCWvjkbEC,Richard Binns,2000/1/1,MIDWEST SYMPOSIUM ON CIRCUITS AND SYSTEMS,,,"['D Enright', 'RJ Mack', 'RE Massara', 'RJ Binns', 'P Hallam']",D Enright,"['RJ Mack', 'RE Massara', 'RJ Binns', 'P Hallam']"
22827276,Analogue circuit design using the analogue design synthesis assistant (ADSA),3,1999,https://scholar.google.com/citations?view_op=view_citation&hl=en&user=FvXKYFQAAAAJ&cstart=20&pagesize=80&citation_for_view=FvXKYFQAAAAJ:qjMakFHDy7sC,Richard Binns,1999/8/8,,,42nd Midwest Symposium on Circuits and Systems (Cat. No. 99CH36356),"['RJ Binns', 'Philip Hallam', 'RJ Mack', 'RE Massara', 'David Enright']",RJ Binns,"['Philip Hallam', 'RJ Mack', 'RE Massara', 'David Enright']"
44031377,"Generating, capturing and processing supply current signatures from analogue macros in mixed-signal ASICs",3,1996,https://scholar.google.com/citations?view_op=view_citation&hl=en&user=FvXKYFQAAAAJ&cstart=20&pagesize=80&citation_for_view=FvXKYFQAAAAJ:LkGwnXOMwfcC,Richard Binns,1996/11/1,Microelectronics journal,,,"['RJ Binns', 'D Taylor', 'TI Pritchard']",RJ Binns,"['D Taylor', 'TI Pritchard']"
1750023,"Breath monitoring, sleep disorder detection, and tracking using thin-film acoustic waves and open-source electronics",2,2022,https://scholar.google.com/citations?view_op=view_citation&hl=en&user=FvXKYFQAAAAJ&cstart=20&pagesize=80&citation_for_view=FvXKYFQAAAAJ:70eg2SAEIzsC,Richard Binns,2022/9/1,Nanotechnology and Precision Engineering (NPE),,,"['Jethro Vernon', 'Pep Canyelles-Pericas', 'Hamdi Torun', 'Richard Binns', 'Wai Pang Ng', 'Qiang Wu', 'Yong-Qing Fu']",Jethro Vernon,"['Pep Canyelles-Pericas', 'Hamdi Torun', 'Richard Binns', 'Wai Pang Ng', 'Qiang Wu', 'Yong-Qing Fu']"
26052227,Apnoea-Pi: Sleep disorder monitoring with open-source electronics and acoustics,2,2021,https://scholar.google.com/citations?view_op=view_citation&hl=en&user=FvXKYFQAAAAJ&cstart=20&pagesize=80&citation_for_view=FvXKYFQAAAAJ:RYcK_YlVTxYC,Richard Binns,2021/9/2,,,2021 26th International Conference on Automation and Computing (ICAC),"['Jethro Vernon', 'Pep Canyelles-Pericas', 'Hamdi Torun', 'Richard Binns', 'Wai Pang Ng', 'Yong-Qing Fu']",Jethro Vernon,"['Pep Canyelles-Pericas', 'Hamdi Torun', 'Richard Binns', 'Wai Pang Ng', 'Yong-Qing Fu']"
86355987,Autonomous drone control within a Wi-Fi network,2,2020,https://scholar.google.com/citations?view_op=view_citation&hl=en&user=FvXKYFQAAAAJ&cstart=20&pagesize=80&citation_for_view=FvXKYFQAAAAJ:blknAaTinKkC,Richard Binns,2020/7/20,,,"2020 12th International Symposium on Communication Systems, Networks and Digital Signal Processing (CSNDSP)","['Peter Harrington', 'Wai Pang Ng', 'Richard Binns']",Peter Harrington,"['Wai Pang Ng', 'Richard Binns']"
41900889,Experimental demonstration of single-channel EEG signal using 32× 32 pixel OLED screen and camera,2,2019,https://scholar.google.com/citations?view_op=view_citation&hl=en&user=FvXKYFQAAAAJ&cstart=20&pagesize=80&citation_for_view=FvXKYFQAAAAJ:4JMBOYKVnBMC,Richard Binns,2019/6/28,Electronics,,,"['Geetika Aggarwal', 'Xuewu Dai', 'Reza Saatchi', 'Richard Binns', 'Ajay Sikandar']",Geetika Aggarwal,"['Xuewu Dai', 'Reza Saatchi', 'Richard Binns', 'Ajay Sikandar']"
96813552,Experimental demonstration of EEG signal transmission using VLC deploying LabView,2,2018,https://scholar.google.com/citations?view_op=view_citation&hl=en&user=FvXKYFQAAAAJ&cstart=20&pagesize=80&citation_for_view=FvXKYFQAAAAJ:_Qo2XoVZTnwC,Richard Binns,2018/11/22,,,2018 3rd International Conference and Workshops on Recent Advances and Innovations in Engineering (ICRAIE),"['Geetika Aggarwal', 'Xuewu Dai', 'Richard Binns', 'Reza Saatchi']",Geetika Aggarwal,"['Xuewu Dai', 'Richard Binns', 'Reza Saatchi']"
49067158,Time synchronization of pulse-coupled oscillators for smart grids,2,2018,https://scholar.google.com/citations?view_op=view_citation&hl=en&user=FvXKYFQAAAAJ&cstart=20&pagesize=80&citation_for_view=FvXKYFQAAAAJ:qUcmZB5y_30C,Richard Binns,2018/9/24,,,2018 5th International Symposium on Environment-Friendly Energies and Applications (EFEA),"['Yan Zong', 'Xuewu Dai', 'Krishna Busawon', 'Zhiwei Gao', 'Richard Binns']",Yan Zong,"['Xuewu Dai', 'Krishna Busawon', 'Zhiwei Gao', 'Richard Binns']"
68025153,A nonlinear H-infinity control approach for three-phase voltage inverters,2,2017,https://scholar.google.com/citations?view_op=view_citation&hl=en&user=FvXKYFQAAAAJ&cstart=20&pagesize=80&citation_for_view=FvXKYFQAAAAJ:QIV2ME_5wuYC,Richard Binns,2017/6/1,Intelligent Industrial Systems,,,"['G Rigatos', 'P Siano', 'P Wira', 'Krishna Busawon', 'R Binns']",G Rigatos,"['P Siano', 'P Wira', 'Krishna Busawon', 'R Binns']"
52400530,Robust fault estimation for stochastic Takagi-Sugeno fuzzy systems,2,2016,https://scholar.google.com/citations?view_op=view_citation&hl=en&user=FvXKYFQAAAAJ&cstart=20&pagesize=80&citation_for_view=FvXKYFQAAAAJ:mVmsd5A6BfQC,Richard Binns,2016/10/23,,,IECON 2016-42nd Annual Conference of the IEEE Industrial Electronics Society,"['Xiaoxu Liu', 'Zhiwei Gao', 'Richard Binns', 'Hui Shao']",Xiaoxu Liu,"['Zhiwei Gao', 'Richard Binns', 'Hui Shao']"
269490,Output observer for chaos synchronization applications,2,2015,https://scholar.google.com/citations?view_op=view_citation&hl=en&user=FvXKYFQAAAAJ&cstart=20&pagesize=80&citation_for_view=FvXKYFQAAAAJ:M3ejUd6NZC8C,Richard Binns,2015/5/25,,,"2015 3rd International Conference on Control, Engineering & Information Technology (CEIT)","['Pep Canyelles-Pericas', 'Richard Binns', 'Krishna Busawon']",Pep Canyelles-Pericas,"['Richard Binns', 'Krishna Busawon']"
61098807,Automated generation of system-level AHDL architectures using a genetic algorithm,2,1997,https://scholar.google.com/citations?view_op=view_citation&hl=en&user=FvXKYFQAAAAJ&cstart=20&pagesize=80&citation_for_view=FvXKYFQAAAAJ:3fE2CSJIrl8C,Richard Binns,1997/1/1,,,,"['AM White', 'Philip Hallam', 'RJ Binns']",AM White,"['Philip Hallam', 'RJ Binns']"
90541147,Integrated sensing and acoustofluidic functions for flexible thin film acoustic wave devices based on metallic and polymer multilayers,1,2022,https://scholar.google.com/citations?view_op=view_citation&hl=en&user=FvXKYFQAAAAJ&cstart=20&pagesize=80&citation_for_view=FvXKYFQAAAAJ:lSLTfruPkqcC,Richard Binns,2022/3/16,IEEE Sensors Journal,,,"['Shahrzad Zahertar', 'Ran Tao', 'Hongzhe Wang', 'Hamdi Torun', 'Pep Canyelles-Pericas', 'Yang Liu', 'Jethro Vernon', 'Wai Pang Ng', 'Richard Binns', 'Qiang Wu', 'Jingting Luo', 'Yong-Qing Fu']",Shahrzad Zahertar,"['Ran Tao', 'Hongzhe Wang', 'Hamdi Torun', 'Pep Canyelles-Pericas', 'Yang Liu', 'Jethro Vernon', 'Wai Pang Ng', 'Richard Binns', 'Qiang Wu', 'Jingting Luo', 'Yong-Qing Fu']"
74427613,A comparative assessment of delivery methods of mathematics and technology enhanced learning,1,2018,https://scholar.google.com/citations?view_op=view_citation&hl=en&user=FvXKYFQAAAAJ&cstart=20&pagesize=80&citation_for_view=FvXKYFQAAAAJ:UebtZRa9Y70C,Richard Binns,2018/7/1,,Proceedings of Teaching and Education Conferences,,"['Michael Elsdon', 'Krishna Busawon', 'Anne Vigouroux', 'Richard Binns', 'Ian Forbes', 'Vanessa Railland']",Michael Elsdon,"['Krishna Busawon', 'Anne Vigouroux', 'Richard Binns', 'Ian Forbes', 'Vanessa Railland']"
90874415,Flatness-based control and Kalman filtering for a continuous-time macroeconomic model,1,2017,https://scholar.google.com/citations?view_op=view_citation&hl=en&user=FvXKYFQAAAAJ&cstart=20&pagesize=80&citation_for_view=FvXKYFQAAAAJ:IjCSPb-OGe4C,Richard Binns,2017/11/28,AIP Conference Proceedings,,,"['Gerasimos Rigatos', 'P Siano', 'T Ghosh', 'Krishna Busawon', 'Richard Binns']",Gerasimos Rigatos,"['P Siano', 'T Ghosh', 'Krishna Busawon', 'Richard Binns']"
59203469,Edge Transient Effects on Power LED Switching,1,2016,https://scholar.google.com/citations?view_op=view_citation&hl=en&user=FvXKYFQAAAAJ&cstart=20&pagesize=80&citation_for_view=FvXKYFQAAAAJ:R3hNpaxXUhUC,Richard Binns,2016/10/1,International Journal of Electronics and Electrical Engineering,,,"['Richard Binns', 'Imabong Obot']",Richard Binns,['Imabong Obot']
90232544,Edge Transient Effects on Power LED Switching,1,2016,https://scholar.google.com/citations?view_op=view_citation&hl=en&user=FvXKYFQAAAAJ&cstart=20&pagesize=80&citation_for_view=FvXKYFQAAAAJ:ufrVoPGSRksC,Richard Binns,2016/10/1,International Journal of Electronics and Electrical Engineering,,,"['Imaobong E Obot', 'Richard Binns']",Imaobong E Obot,['Richard Binns']
35621152,Data encryption with chaotic Colpitts oscillators via power supply modulation,1,2016,https://scholar.google.com/citations?view_op=view_citation&hl=en&user=FvXKYFQAAAAJ&cstart=20&pagesize=80&citation_for_view=FvXKYFQAAAAJ:kNdYIx-mwKoC,Richard Binns,2016/7/20,,,"2016 10th International Symposium on Communication Systems, Networks and Digital Signal Processing (CSNDSP)","['Pep Canyelles-Pericas', 'Richard Binns', 'Zabih Ghassemlooy', 'Krishna Busawon']",Pep Canyelles-Pericas,"['Richard Binns', 'Zabih Ghassemlooy', 'Krishna Busawon']"
29223882,A top-down methodology to accommodate circuit interaction within an analogue synthesis system,1,2000,https://scholar.google.com/citations?view_op=view_citation&hl=en&user=FvXKYFQAAAAJ&cstart=20&pagesize=80&citation_for_view=FvXKYFQAAAAJ:W7OEmFMy1HYC,Richard Binns,2000/8/8,,,Proceedings of the 43rd IEEE Midwest Symposium on Circuits and Systems (Cat. No. CH37144),"['D Enright', 'RJ Mack', 'RE Massara', 'S Papadopoulos', 'PB Wu', 'RJ Binns', 'P Hallam']",D Enright,"['RJ Mack', 'RE Massara', 'S Papadopoulos', 'PB Wu', 'RJ Binns', 'P Hallam']"
70265952,The role of designer knowledge for circuit-level optimization within an analog synthesis system,1,1999,https://scholar.google.com/citations?view_op=view_citation&hl=en&user=FvXKYFQAAAAJ&cstart=20&pagesize=80&citation_for_view=FvXKYFQAAAAJ:Tyk-4Ss8FVUC,Richard Binns,1999/8/8,,,42nd Midwest Symposium on Circuits and Systems (Cat. No. 99CH36356),"['D Enright', 'RJ Mack', 'RE Massara', 'RJ Binns', 'P Hallam']",D Enright,"['RJ Mack', 'RE Massara', 'RJ Binns', 'P Hallam']"
21972335,Testing analogue macros in mixed-signal systems using transient response testing and dynamic supply current monitoring.,1,1996,https://scholar.google.com/citations?view_op=view_citation&hl=en&user=FvXKYFQAAAAJ&cstart=20&pagesize=80&citation_for_view=FvXKYFQAAAAJ:Wp0gIr-vW9MC,Richard Binns,1996/1/1,,,,['Richard James Binns'],Richard James Binns,
53790409,Integrated label-free erbium-doped fiber laser biosensing system for detection of single cell Staphylococcus aureus,,2023,https://scholar.google.com/citations?view_op=view_citation&hl=en&user=FvXKYFQAAAAJ&cstart=20&pagesize=80&citation_for_view=FvXKYFQAAAAJ:pqnbT2bcN3wC,Richard Binns,2023/5/15,Talanta,,,"['Jiandong Liu', 'Bin Liu', 'Juan Liu', 'Xing-Dao He', 'Jinhui Yuan', 'Zabih Ghassemlooy', 'Hamdi Torun', 'Yong-Qing Fu', 'Xuewu Dai', 'Wai Pang Ng', 'Richard Binns', 'Qiang Wu']",Jiandong Liu,"['Bin Liu', 'Juan Liu', 'Xing-Dao He', 'Jinhui Yuan', 'Zabih Ghassemlooy', 'Hamdi Torun', 'Yong-Qing Fu', 'Xuewu Dai', 'Wai Pang Ng', 'Richard Binns', 'Qiang Wu']"
96384048,Northumbria Research Link,,2023,https://scholar.google.com/citations?view_op=view_citation&hl=en&user=FvXKYFQAAAAJ&cstart=20&pagesize=80&citation_for_view=FvXKYFQAAAAJ:SeFeTyx0c_EC,Richard Binns,2023/1/1,Talanta,,,"['Hamdi Torun', 'Yong Qing Fu', 'Xuewu Dai', 'Wai Pang Ng', 'Richard Binns', 'Qiang Wu']",Hamdi Torun,"['Yong Qing Fu', 'Xuewu Dai', 'Wai Pang Ng', 'Richard Binns', 'Qiang Wu']"
92548520,Demonstration of an Adaptive Fractionally-Spaced Pre-Equaliser to Increase VLC System Data Rates,,2022,https://scholar.google.com/citations?view_op=view_citation&hl=en&user=FvXKYFQAAAAJ&cstart=20&pagesize=80&citation_for_view=FvXKYFQAAAAJ:ldfaerwXgEUC,Richard Binns,2022/7/20,,,"2022 13th International Symposium on Communication Systems, Networks and Digital Signal Processing (CSNDSP)","['Xicong Li', 'Zabih Ghassemlooy', 'Stanislav Zvanovec', 'Hoa Le-Minh', 'Richard Binns', 'Ambrose Eromosele', 'Geoff Archenhold']",Xicong Li,"['Zabih Ghassemlooy', 'Stanislav Zvanovec', 'Hoa Le-Minh', 'Richard Binns', 'Ambrose Eromosele', 'Geoff Archenhold']"
15238352,BER performance comparison of EEG healthcare system using,,2020,https://scholar.google.com/citations?view_op=view_citation&hl=en&user=FvXKYFQAAAAJ&cstart=20&pagesize=80&citation_for_view=FvXKYFQAAAAJ:35N4QoGY0k4C,Richard Binns,2020/2/18,Smart Biosensors in Medical Care,,,"['Geetika Aggarwala', 'Xuewu Daia', 'Reza Saatchib', 'Richard Binnsa']",Geetika Aggarwala,"['Xuewu Daia', 'Reza Saatchib', 'Richard Binnsa']"
74576782,"BER performance comparison of EEG healthcare system using 8-pixel, 16-pixel OLED screen, and DSLR camera",,2020,https://scholar.google.com/citations?view_op=view_citation&hl=en&user=FvXKYFQAAAAJ&cstart=20&pagesize=80&citation_for_view=FvXKYFQAAAAJ:iH-uZ7U-co4C,Richard Binns,2020/1/1,,,,"['Geetika Aggarwal', 'Xuewu Dai', 'Reza Saatchi', 'Richard Binns']",Geetika Aggarwal,"['Xuewu Dai', 'Reza Saatchi', 'Richard Binns']"
31139277,Experimental Evaluation of Non-identical Pulse-Coupled Oscillators Synchronisation in IEEE 802.15. 4 Wireless Sensor Networks,,2019,https://scholar.google.com/citations?view_op=view_citation&hl=en&user=FvXKYFQAAAAJ&cstart=20&pagesize=80&citation_for_view=FvXKYFQAAAAJ:TFP_iSt0sucC,Richard Binns,2019/7/22,,,2019 IEEE 17th International Conference on Industrial Informatics (INDIN),"['Yan Zong', 'Xuewu Dai', 'Zhiwei Gao', 'Richard Binns', 'Krishna Busawon']",Yan Zong,"['Xuewu Dai', 'Zhiwei Gao', 'Richard Binns', 'Krishna Busawon']"
31408223,Sensorless Flux Observer-Based Fault Detection of Induction Machines,,2018,https://scholar.google.com/citations?view_op=view_citation&hl=en&user=FvXKYFQAAAAJ&cstart=20&pagesize=80&citation_for_view=FvXKYFQAAAAJ:-f6ydRqryjwC,Richard Binns,2018/9/24,,,2018 5th International Symposium on Environment-Friendly Energies and Applications (EFEA),"['Jean-Pierre M Masala', 'Krishna Busawon', 'Milutin Jovanovic', 'Richard Binns']",Jean-Pierre M Masala,"['Krishna Busawon', 'Milutin Jovanovic', 'Richard Binns']"
95315719,Output Observer for Fault Detection in Linear Systems under Disturbances,,2018,https://scholar.google.com/citations?view_op=view_citation&hl=en&user=FvXKYFQAAAAJ&cstart=20&pagesize=80&citation_for_view=FvXKYFQAAAAJ:hC7cP41nSMkC,Richard Binns,2018/9/24,,,2018 5th International Symposium on Environment-Friendly Energies and Applications (EFEA),"['Lamine Mohamadi', 'Xuewu Dai', 'Richard Binns', 'Krishna Busawon', 'Mohamed Djemai']",Lamine Mohamadi,"['Xuewu Dai', 'Richard Binns', 'Krishna Busawon', 'Mohamed Djemai']"
85265313,Singlemode-multimode-singlemode fibre structure for phase transition monitoring in phase changing materials,,2018,https://scholar.google.com/citations?view_op=view_citation&hl=en&user=FvXKYFQAAAAJ&cstart=20&pagesize=80&citation_for_view=FvXKYFQAAAAJ:zYLM7Y9cAGgC,Richard Binns,2018/8/1,Journal of Physics: Conference Series,,,"['Rahul Kumar', 'Wei Han', 'Dejun Liu', 'Wai Pang Ng', 'Richard Binns', 'Krishna Busawon', 'Yong Qing Fu', 'Zabih Ghassemlooy', 'Christopher Underwood', 'Khamid Mahkmov', 'Jinhui Yuan', 'Chongxiu Yu', 'Huazhong Shu', 'Xing Ao Li', 'Tuan Guo', 'Gerald Farrell', 'Yuliya Semenova', 'Qiang Wu']",Rahul Kumar,"['Wei Han', 'Dejun Liu', 'Wai Pang Ng', 'Richard Binns', 'Krishna Busawon', 'Yong Qing Fu', 'Zabih Ghassemlooy', 'Christopher Underwood', 'Khamid Mahkmov', 'Jinhui Yuan', 'Chongxiu Yu', 'Huazhong Shu', 'Xing Ao Li', 'Tuan Guo', 'Gerald Farrell', 'Yuliya Semenova', 'Qiang Wu']"
52958762,Temporal solution-based output observer design for single output LTI systems,,2016,https://scholar.google.com/citations?view_op=view_citation&hl=en&user=FvXKYFQAAAAJ&cstart=20&pagesize=80&citation_for_view=FvXKYFQAAAAJ:ULOm3_A8WrAC,Richard Binns,2016/9/14,,,2016 4th International Symposium on Environmental Friendly Energies and Applications (EFEA),"['Pep Canyelles-Pericas', 'Richard Binns', 'Krishna Busawon']",Pep Canyelles-Pericas,"['Richard Binns', 'Krishna Busawon']"
18812815,Observer-based indirect speed control for induction machines,,2016,https://scholar.google.com/citations?view_op=view_citation&hl=en&user=FvXKYFQAAAAJ&cstart=20&pagesize=80&citation_for_view=FvXKYFQAAAAJ:hqOjcs7Dif8C,Richard Binns,2016/9/14,,,2016 4th International Symposium on Environmental Friendly Energies and Applications (EFEA),"['Jean-Pierre Makiadi Masala', 'Krishna Busawon', 'Milutin Jovanovic', 'Richard Binns']",Jean-Pierre Makiadi Masala,"['Krishna Busawon', 'Milutin Jovanovic', 'Richard Binns']"
91980440,A robust chaotic communication scheme for a class of dynamical systems,,2014,https://scholar.google.com/citations?view_op=view_citation&hl=en&user=FvXKYFQAAAAJ&cstart=20&pagesize=80&citation_for_view=FvXKYFQAAAAJ:d1gkVwhDpl0C,Richard Binns,2014/10/8,,,2014 IEEE Conference on Control Applications (CCA),"['Abdelkader Senouci', 'Krishna Busawon', 'Ahmed Bouridane', 'Richard Binns', 'Achour Ouslimani']",Abdelkader Senouci,"['Krishna Busawon', 'Ahmed Bouridane', 'Richard Binns', 'Achour Ouslimani']"
78011649,The HSS/SNiC: a conceptual framework for collapsing security down to the physical layer,,2008,https://scholar.google.com/citations?view_op=view_citation&hl=en&user=FvXKYFQAAAAJ&cstart=20&pagesize=80&citation_for_view=FvXKYFQAAAAJ:_FxGoFyzp5QC,Richard Binns,2008/1/1,,,,"['Ogah E Ogah', 'Richard Binns', 'Graham Sexton']",Ogah E Ogah,"['Richard Binns', 'Graham Sexton']"
8329084,Analogue high-level synthesis for mixed-signal IC realisation using an Analogue Design Synthesis Assistant (ADSA),,2000,https://scholar.google.com/citations?view_op=view_citation&hl=en&user=FvXKYFQAAAAJ&cstart=20&pagesize=80&citation_for_view=FvXKYFQAAAAJ:9ZlFYXVOiuMC,Richard Binns,2000/1/1,,,,"['RE Massara', 'RJ Mack', 'David Enright', 'Philip Hallam', 'RJ Binns']",RE Massara,"['RJ Mack', 'David Enright', 'Philip Hallam', 'RJ Binns']"
95054783,Analogue high-level synthesis for mixed-signal IC realisation using an Analogue Design Synthesis Assistant (ADSA),,1999,https://scholar.google.com/citations?view_op=view_citation&hl=en&user=FvXKYFQAAAAJ&cstart=20&pagesize=80&citation_for_view=FvXKYFQAAAAJ:TQgYirikUcIC,Richard Binns,1999/1/1,COLLOQUIUM DIGEST-IEE,,,"['R Mack', 'R Massara', 'D Enright', 'P Hallam', 'R Binns']",R Mack,"['R Massara', 'D Enright', 'P Hallam', 'R Binns']"
42723464,Northumbria Research Link,,,https://scholar.google.com/citations?view_op=view_citation&hl=en&user=FvXKYFQAAAAJ&cstart=20&pagesize=80&citation_for_view=FvXKYFQAAAAJ:g5m5HwL7SMYC,Richard Binns,nan/1/1,measurement,,,"['Wai Pang Ng', 'Qiang Wu', 'Richard Binns']",Wai Pang Ng,"['Qiang Wu', 'Richard Binns']"
12174321,MICHAEL ELSDON,,,https://scholar.google.com/citations?view_op=view_citation&hl=en&user=FvXKYFQAAAAJ&cstart=20&pagesize=80&citation_for_view=FvXKYFQAAAAJ:NaGl4SEjCO4C,Richard Binns,nan/1/1,,,,"['KRISHNA BUSAWON', 'ANNE VIGOUROUX', 'RICHARD BINNS', 'IAN FORBES', 'VANESSA RAILLAND']",KRISHNA BUSAWON,"['ANNE VIGOUROUX', 'RICHARD BINNS', 'IAN FORBES', 'VANESSA RAILLAND']"
51091363,EFEA 2018 Author Index,,,https://scholar.google.com/citations?view_op=view_citation&hl=en&user=FvXKYFQAAAAJ&cstart=20&pagesize=80&citation_for_view=FvXKYFQAAAAJ:hFOr9nPyWt4C,Richard Binns,nan/1/1,,,,"['Grain Adam', 'Saqlain Ahmad', 'Ameena Al Sumaiti', 'Benedetto Aluisio', 'Radoslav Antić', 'Angelo Baggini', 'Lotfi BAGHLI', 'Taghi Barforoshi', 'Milan Bebić', 'Mohamed Benabdellatif', 'Hassan BENARIBA', 'Richard Binns', 'Gianluca Bocchini', 'Ekkehard Boggasch', 'Abdihakim Bokah', 'Abdelmadjid BOUMEDIENE', 'Antonio Bracale', 'John Breslin', 'Bogdan Brkovic', 'Delannoy Bruno', 'Claudio Bruzzese', 'Concettina Buccella', 'Olesya Buryakovskaya', 'Viviana Callea', 'Robert Camilleri']",Grain Adam,"['Saqlain Ahmad', 'Ameena Al Sumaiti', 'Benedetto Aluisio', 'Radoslav Antić', 'Angelo Baggini', 'Lotfi BAGHLI', 'Taghi Barforoshi', 'Milan Bebić', 'Mohamed Benabdellatif', 'Hassan BENARIBA', 'Richard Binns', 'Gianluca Bocchini', 'Ekkehard Boggasch', 'Abdihakim Bokah', 'Abdelmadjid BOUMEDIENE', 'Antonio Bracale', 'John Breslin', 'Bogdan Brkovic', 'Delannoy Bruno', 'Claudio Bruzzese', 'Concettina Buccella', 'Olesya Buryakovskaya', 'Viviana Callea', 'Robert Camilleri']"
11780691,Systems/Subsystems,,,https://scholar.google.com/citations?view_op=view_citation&hl=en&user=FvXKYFQAAAAJ&cstart=20&pagesize=80&citation_for_view=FvXKYFQAAAAJ:7PzlFSSx8tAC,Richard Binns,nan/1/1,,,,"['DF Bendimerad', 'Y Frignac', 'FIK Mousa', 'N Al Maadeed', 'K Busawon', 'A Bouridane', 'R Binns', 'C Antonelli', 'A Mecozzi', 'M Shtaif', 'X Chen', 'S Chandrasekhar', 'PJ Winzer', 'P Jennevé', 'P Ramantanis', 'N Dubreuil', 'F Boitier', 'P Layec', 'S Bigo']",DF Bendimerad,"['Y Frignac', 'FIK Mousa', 'N Al Maadeed', 'K Busawon', 'A Bouridane', 'R Binns', 'C Antonelli', 'A Mecozzi', 'M Shtaif', 'X Chen', 'S Chandrasekhar', 'PJ Winzer', 'P Jennevé', 'P Ramantanis', 'N Dubreuil', 'F Boitier', 'P Layec', 'S Bigo']"
